<?xml version="1.0" encoding="UTF-8"?>
<mxfile host="Electron" agent="Mozilla/5.0 (Windows NT 10.0; Win64; x64) AppleWebKit/537.36 (KHTML, like Gecko) draw.io/28.2.5 Chrome/138.0.7204.251 Electron/37.6.1 Safari/537.36" version="28.2.5">
  <diagram name="Virtual Cards Architecture" id="ea1Os3mYHRxWzwE7R09e">
    <mxGraphModel dx="1540" dy="521" grid="1" gridSize="10" guides="1" tooltips="1" connect="1" arrows="1" fold="1" page="1" pageScale="1" pageWidth="850" pageHeight="1100" math="0" shadow="0">
      <root>
        <mxCell id="0" />
        <mxCell id="1" parent="0" />
        <mxCell id="UNpSDRUvvIqDN-5w7Ezq-1" value="Mobile App / Web" style="rounded=1;whiteSpace=wrap;html=1;fillColor=#f5f5f5;strokeColor=#666666;strokeWidth=2;fontColor=#333333;" parent="1" vertex="1">
          <mxGeometry x="-50" y="170" width="160" height="60" as="geometry" />
        </mxCell>
        <mxCell id="UNpSDRUvvIqDN-5w7Ezq-2" value="API Gateway / WAF" style="rounded=1;whiteSpace=wrap;html=1;fillColor=#1ba1e2;strokeColor=#006EAF;strokeWidth=2;fontColor=#ffffff;" parent="1" vertex="1">
          <mxGeometry x="150" y="170" width="180" height="60" as="geometry" />
        </mxCell>
        <mxCell id="UNpSDRUvvIqDN-5w7Ezq-3" value="Application Layer (k8s)" style="swimlane;html=1;rounded=1;fillColor=#f4f7f9;strokeColor=#8a9aa8;" parent="1" vertex="1">
          <mxGeometry x="490" y="80" width="570" height="460" as="geometry">
            <mxRectangle x="490" y="80" width="160" height="30" as="alternateBounds" />
          </mxGeometry>
        </mxCell>
        <mxCell id="UNpSDRUvvIqDN-5w7Ezq-4" value="Authentication Service" style="rounded=1;whiteSpace=wrap;html=1;fillColor=#ffffff;strokeColor=light-dark(#ae4c9c, #328736);strokeWidth=1.5;" parent="UNpSDRUvvIqDN-5w7Ezq-3" vertex="1">
          <mxGeometry x="20" y="30" width="140" height="60" as="geometry" />
        </mxCell>
        <mxCell id="UNpSDRUvvIqDN-5w7Ezq-5" value="User Service / Profile" style="rounded=1;whiteSpace=wrap;html=1;fillColor=#ffffff;strokeColor=#4caf50;strokeWidth=1.5;" parent="UNpSDRUvvIqDN-5w7Ezq-3" vertex="1">
          <mxGeometry x="270" y="30" width="160" height="60" as="geometry" />
        </mxCell>
        <mxCell id="UNpSDRUvvIqDN-5w7Ezq-6" value="KYC Service" style="rounded=1;whiteSpace=wrap;html=1;fillColor=#ffffff;strokeColor=#f57c00;strokeWidth=1.5;" parent="UNpSDRUvvIqDN-5w7Ezq-3" vertex="1">
          <mxGeometry x="10" y="120" width="160" height="60" as="geometry" />
        </mxCell>
        <mxCell id="UNpSDRUvvIqDN-5w7Ezq-7" value="Cards Provisioning" style="rounded=1;whiteSpace=wrap;html=1;fillColor=#ffffff;strokeColor=#9c27b0;strokeWidth=1.5;" parent="UNpSDRUvvIqDN-5w7Ezq-3" vertex="1">
          <mxGeometry x="230" y="130" width="160" height="60" as="geometry" />
        </mxCell>
        <mxCell id="UNpSDRUvvIqDN-5w7Ezq-9" value="Payment Processing" style="rounded=1;whiteSpace=wrap;html=1;fillColor=#ffffff;strokeColor=#1976d2;strokeWidth=1.5;" parent="UNpSDRUvvIqDN-5w7Ezq-3" vertex="1">
          <mxGeometry x="10" y="210" width="200" height="70" as="geometry" />
        </mxCell>
        <mxCell id="UNpSDRUvvIqDN-5w7Ezq-10" value="Notification Service\n(Push/SMS/Email)" style="rounded=1;whiteSpace=wrap;html=1;fillColor=#ffffff;strokeColor=#00695c;strokeWidth=1.5;" parent="UNpSDRUvvIqDN-5w7Ezq-3" vertex="1">
          <mxGeometry x="230" y="210" width="200" height="70" as="geometry" />
        </mxCell>
        <mxCell id="UNpSDRUvvIqDN-5w7Ezq-11" value="Admin&amp;nbsp;" style="rounded=1;whiteSpace=wrap;html=1;fillColor=#d5e8d4;strokeWidth=1;gradientColor=#97d077;strokeColor=#82b366;" parent="UNpSDRUvvIqDN-5w7Ezq-3" vertex="1">
          <mxGeometry x="210" y="330" width="200" height="70" as="geometry" />
        </mxCell>
        <mxCell id="UNpSDRUvvIqDN-5w7Ezq-12" style="edgeStyle=orthogonalEdgeStyle;rounded=0;orthogonalLoop=1;jettySize=auto;html=1;strokeColor=#333;" parent="UNpSDRUvvIqDN-5w7Ezq-3" source="UNpSDRUvvIqDN-5w7Ezq-4" target="UNpSDRUvvIqDN-5w7Ezq-5" edge="1">
          <mxGeometry relative="1" as="geometry" />
        </mxCell>
        <mxCell id="UNpSDRUvvIqDN-5w7Ezq-13" style="edgeStyle=orthogonalEdgeStyle;rounded=0;orthogonalLoop=1;jettySize=auto;html=1;strokeColor=#333;" parent="UNpSDRUvvIqDN-5w7Ezq-3" source="UNpSDRUvvIqDN-5w7Ezq-5" target="UNpSDRUvvIqDN-5w7Ezq-7" edge="1">
          <mxGeometry relative="1" as="geometry" />
        </mxCell>
        <mxCell id="UNpSDRUvvIqDN-5w7Ezq-14" style="edgeStyle=orthogonalEdgeStyle;rounded=0;orthogonalLoop=1;jettySize=auto;html=1;strokeColor=#333;" parent="UNpSDRUvvIqDN-5w7Ezq-3" source="UNpSDRUvvIqDN-5w7Ezq-6" target="UNpSDRUvvIqDN-5w7Ezq-7" edge="1">
          <mxGeometry relative="1" as="geometry" />
        </mxCell>
        <mxCell id="UNpSDRUvvIqDN-5w7Ezq-8" value="Rules Engine" style="rounded=1;whiteSpace=wrap;html=1;fillColor=#ffffff;strokeColor=#ff5252;strokeWidth=1.5;" parent="UNpSDRUvvIqDN-5w7Ezq-3" vertex="1">
          <mxGeometry x="450" y="280" width="120" height="60" as="geometry" />
        </mxCell>
        <mxCell id="UNpSDRUvvIqDN-5w7Ezq-37" value="" style="edgeStyle=orthogonalEdgeStyle;endArrow=block;rounded=0;orthogonalLoop=1;jettySize=auto;html=1;strokeColor=#333;" parent="UNpSDRUvvIqDN-5w7Ezq-3" source="UNpSDRUvvIqDN-5w7Ezq-9" target="UNpSDRUvvIqDN-5w7Ezq-8" edge="1">
          <mxGeometry relative="1" as="geometry">
            <mxPoint x="220" y="245" as="sourcePoint" />
            <mxPoint x="720" y="250" as="targetPoint" />
            <Array as="points">
              <mxPoint x="110" y="440" />
              <mxPoint x="420" y="440" />
              <mxPoint x="420" y="310" />
            </Array>
          </mxGeometry>
        </mxCell>
        <mxCell id="UNpSDRUvvIqDN-5w7Ezq-20" value="Third-party Providers" style="swimlane;html=1;rounded=1;fillColor=#d0cee2;strokeColor=#56517e;" parent="1" vertex="1">
          <mxGeometry x="1170" y="90" width="360" height="460" as="geometry">
            <mxRectangle x="1170" y="90" width="150" height="30" as="alternateBounds" />
          </mxGeometry>
        </mxCell>
        <mxCell id="UNpSDRUvvIqDN-5w7Ezq-21" value="Card Issuer (Marqeta/Stripe Issuing)" style="rounded=1;whiteSpace=wrap;html=1;fillColor=#ffffff;strokeColor=#8e24aa;" parent="UNpSDRUvvIqDN-5w7Ezq-20" vertex="1">
          <mxGeometry x="40" y="150" width="300" height="60" as="geometry" />
        </mxCell>
        <mxCell id="UNpSDRUvvIqDN-5w7Ezq-22" value="Payment Processor / PSP" style="rounded=1;whiteSpace=wrap;html=1;fillColor=#ffffff;strokeColor=#0288d1;" parent="UNpSDRUvvIqDN-5w7Ezq-20" vertex="1">
          <mxGeometry x="20" y="240" width="300" height="60" as="geometry" />
        </mxCell>
        <mxCell id="UNpSDRUvvIqDN-5w7Ezq-24" value="Notification Providers\n(Twilio / SendGrid / FCM)" style="rounded=1;whiteSpace=wrap;html=1;fillColor=#ffffff;strokeColor=#00796b;" parent="UNpSDRUvvIqDN-5w7Ezq-20" vertex="1">
          <mxGeometry x="40" y="350" width="300" height="80" as="geometry" />
        </mxCell>
        <mxCell id="UNpSDRUvvIqDN-5w7Ezq-25" style="edgeStyle=orthogonalEdgeStyle;rounded=0;orthogonalLoop=1;jettySize=auto;html=1;strokeColor=#333;" parent="1" source="UNpSDRUvvIqDN-5w7Ezq-1" target="UNpSDRUvvIqDN-5w7Ezq-2" edge="1">
          <mxGeometry relative="1" as="geometry" />
        </mxCell>
        <mxCell id="UNpSDRUvvIqDN-5w7Ezq-26" style="edgeStyle=orthogonalEdgeStyle;rounded=0;orthogonalLoop=1;jettySize=auto;html=1;strokeColor=#333;" parent="1" source="UNpSDRUvvIqDN-5w7Ezq-2" target="UNpSDRUvvIqDN-5w7Ezq-3" edge="1">
          <mxGeometry relative="1" as="geometry" />
        </mxCell>
        <mxCell id="UNpSDRUvvIqDN-5w7Ezq-27" style="edgeStyle=orthogonalEdgeStyle;endArrow=block;rounded=0;orthogonalLoop=1;jettySize=auto;html=1;strokeColor=#333;" parent="1" source="UNpSDRUvvIqDN-5w7Ezq-8" target="UNpSDRUvvIqDN-5w7Ezq-22" edge="1">
          <mxGeometry relative="1" as="geometry" />
        </mxCell>
        <mxCell id="UNpSDRUvvIqDN-5w7Ezq-33" style="edgeStyle=orthogonalEdgeStyle;endArrow=block;rounded=0;orthogonalLoop=1;jettySize=auto;html=1;strokeColor=#333;" parent="1" source="UNpSDRUvvIqDN-5w7Ezq-10" target="UNpSDRUvvIqDN-5w7Ezq-24" edge="1">
          <mxGeometry relative="1" as="geometry">
            <Array as="points">
              <mxPoint x="1250" y="325" />
            </Array>
          </mxGeometry>
        </mxCell>
        <mxCell id="UNpSDRUvvIqDN-5w7Ezq-35" value="&amp;nbsp;HTTPS" style="text;html=1;strokeColor=none;fillColor=none;align=center;verticalAlign=middle;fontSize=10;" parent="1" vertex="1">
          <mxGeometry x="170" y="240" width="120" height="20" as="geometry" />
        </mxCell>
        <mxCell id="UNpSDRUvvIqDN-5w7Ezq-15" style="edgeStyle=orthogonalEdgeStyle;rounded=0;orthogonalLoop=1;jettySize=auto;html=1;strokeColor=#333;" parent="1" source="UNpSDRUvvIqDN-5w7Ezq-7" target="UNpSDRUvvIqDN-5w7Ezq-21" edge="1">
          <mxGeometry relative="1" as="geometry" />
        </mxCell>
      </root>
    </mxGraphModel>
  </diagram>
</mxfile>
